Rank,Song,Artist,Streams,Days,Country,Change,Streams_Int
1,Posso At No Te Dar Flores,Dj Japa Nk,"2,336,768",53.0,BR,0,2336768
2,Sahiba,Aditya Rikhari,"1,525,988",132.0,IN,0,1525988
3,The Fate Of Ophelia,Taylor Swift,"1,452,552",39.0,US,0,1452552
4,Golden,Huntr/X,"1,267,645",142.0,US,0,1267645
5,Haseen,Talwiinder,"1,182,817",165.0,IN,0,1182817
6,Man I Need,Olivia Dean,"1,109,580",83.0,US,0,1109580
7,Me Postou No Daily,Mc Gp,"1,084,658",44.0,BR,+2,1084658
8,Sequncia Feiticeira,Pedro Sampaio,"1,006,029",71.0,BR,+2,1006029
9,Opalite,Taylor Swift,"1,000,155",39.0,US,0,1000155
10,P Do Pecado,Grupo Menos É Mais,"998,839",194.0,BR,-2,998839
11,Finding Her,Kushagra,"985,629",251.0,IN,+1,985629
12,For A Reason,Karan Aujla,"971,506",81.0,IN,-1,971506
13,Im Done,Maan Panu,"965,609",16.0,IN,+1,965609
14,Tubares,Diego & Victor Hugo,"924,372",270.0,BR,-2,924372
15,Saiyaara,Tanishk Bagchi,"912,874",25.0,IN,-1,912874
16,Back To Friends,Sombr,"870,245",238.0,US,0,870245
17,So Easy,Olivia Dean,"796,296",45.0,US,+5,796296
18,Ordinary,Alex Warren,"774,459",277.0,US,0,774459
19,Ishq,Faheem Abdullah,"770,209",535.0,IN,0,770209
20,Famosinha,Dj Caio Vieira,"764,367",180.0,BR,+3,764367
21,Eu Me Apaixonei,Vitinho Imperador,"761,242",83.0,BR,0,761242
22,All I Want For Christmas Is You,Mariah Carey,"756,198",552.0,US,-2,756198
23,Rockin Around The Christmas Tree,Brenda Lee,"750,220",456.0,US,-1,750220
24,Jigar,Sachin,"747,910",740.0,IN,0,747910
25,Pela Ltima Vez,Grupo Menos É Mais,"707,055",81.0,BR,-2,707055
26,Khayaal,Talwiinder,"703,919",212.0,IN,+1,703919
27,Se Eu Te Perdoar,Clayton & Romário,"700,071",60.0,BR,+2,700071
28,Last Christmas,Wham!,"693,910",441.0,US,+2,693910
29,I Run,Haven.,"693,191",6.0,US,+30,693191
30,Jo Tum Mere Ho,Anuv Jain,"691,732",458.0,IN,-1,691732
31,Sweater Weather,The Neighbourhood,"687,639",2098.0,US,+1,687639
32,Dracula,Tame Impala,"687,294",46.0,US,+3,687294
33,Deixa Eu,Murilo Huff,"684,817",88.0,BR,-2,684817
34,Mann Mera,Gajendra Verma,"663,082",1206.0,IN,+1,663082
35,Iris,The Goo Goo Dolls,"661,028",616.0,US,+6,661028
36,Your Idol,Saja Boys,"658,208",142.0,US,-5,658208
37,Elizabeth Taylor,Taylor Swift,"657,924",39.0,US,-2,657924
38,I Got Better,Morgan Wallen,"654,406",179.0,US,+4,654406
39,Travelin Soldier,Cody Johnson,"649,900",4.0,US,+1,649900
40,Father Figure,Taylor Swift,"641,196",39.0,US,-4,641196
41,Soda Pop,Saja Boys,"637,310",141.0,US,-11,637310
42,Dreams,Fleetwood Mac,"629,431",1769.0,US,+2,629431
43,Deewaniyat,Vishal Mishra,"629,387",67.0,IN,+1,629387
44,Arz Kiya Hai  Coke Studio Bharat,Anuv Jain,"627,007",78.0,IN,+2,627007
45,Creep,Radiohead,"622,480",529.0,US,+3,622480
46,Ltima Saudade,Henrique & Juliano,"610,635",410.0,BR,+1,610635
47,Jingle Bell Rock,Bobby Helms,"607,921",460.0,US,-5,607921
48,Ama Um Maloqueiro,Rafa E Junior,"607,684",171.0,BR,+4,607684
49,Apaga Apaga Apaga,Danilo E Davi,"600,590",364.0,BR,+1,600590
50,Man I Need,Olivia Dean,"599,766",88.0,GB,0,599766
51,Tere Bina,A.R. Rahman,"598,783",449.0,IN,0,598783
52,Birds Of A Feather,Billie Eilish,"595,587",543.0,US,0,595587
53,Oorum Blood,Sai Abhyankkar,"594,929",71.0,IN,-4,594929
54,Kashish,Ashish Bhatia,"582,775",55.0,IN,+2,582775
55,Love Me Not,Ravyn Lenae,"577,988",247.0,US,+2,577988
56,Iluso De Tica,Matheus & Kauan,"577,676",291.0,BR,+1,577676
57,Sienna,The Marías,"575,179",137.0,US,+14,575179
58,No One Noticed,The Marías,"574,556",451.0,US,+8,574556
59,Where Is My Husband,Raye,"574,066",51.0,US,0,574066
60,How Its Done,Huntr/X,"570,953",141.0,US,-12,570953
61,Tum Ho Toh,Vishal Mishra,"569,737",115.0,IN,+4,569737
62,Naam Chale,Vikram Sarkar,"564,779",117.0,IN,-2,564779
63,Tit For Tat,Tate Mcrae,"561,806",46.0,US,+2,561806
64,What It Sounds Like,Huntr/X,"557,560",141.0,US,-9,557560
65,Sparks,Coldplay,"556,916",493.0,US,+14,556916
66,The Fate Of Ophelia,Taylor Swift,"555,488",39.0,DE,0,555488
67,Santa Tell Me,Ariana Grande,"554,625",454.0,US,-7,554625
68,Parampara,Sachet,"552,897",387.0,IN,-2,552897
69,Mr Brightside,The Killers,"550,143",1898.0,US,-5,550143
70,Corao Partido,Grupo Menos É Mais,"548,756",436.0,BR,-5,548756
71,Baqueado,Panda,"547,839",218.0,BR,-3,547839
72,Samjho Na,Aditya Rikhari,"547,420",934.0,IN,-1,547420
73,Boyfriend,Karan Aujla,"545,131",81.0,IN,+2,545131
74,Paro,Aditya Rikhari,"545,055",253.0,IN,-2,545055
75,Choosin Texas,Ella Langley,"543,383",25.0,US,+8,543383
76,T Na Brasilia Com O Zigo,Dj Zigão,"540,780",45.0,BR,+9,540780
77,Eu Vou Na Sua Casa,Felipe Amorim,"540,011",142.0,BR,0,540011
78,What I Want,Morgan Wallen,"536,883",179.0,US,+1,536883
79,No Pole,Don Toliver,"536,673",389.0,US,-3,536673
80,Ehsaas,Faheem Abdullah,"530,715",127.0,IN,+1,530715
81,Talvez Voc Precise De Mim,Veigh,"529,411",137.0,BR,+16,529411
82,Undressed,Sombr,"526,760",230.0,US,+7,526760
83,Timeless,The Weeknd,"525,613",410.0,US,+10,525613
84,Manchild,Sabrina Carpenter,"523,893",158.0,US,-10,523893
85,12 To 12,Sombr,"520,568",106.0,US,+7,520568
86,The Life Of A Showgirl,Taylor Swift,"517,559",39.0,US,-9,517559
87,Agar Tum Saath Ho,Alka Yagnik,"517,255",2231.0,IN,-2,517255
88,Wih Lit,Taylor Swift,"515,286",39.0,US,-4,515286
89,High On You,Jind Universe,"510,887",130.0,IN,+1,510887
90,No Broke Boys,Disco Lines,"504,943",148.0,US,-6,504943
91,Its The Most Wonderful Time Of The Year,Andy Williams,"500,260",448.0,US,-3,500260
92,Free,Rumi,"497,304",141.0,US,-10,497304
93,Humdard,Arijit Singh,"496,360",1950.0,IN,+1,496360
94,Saudade De Quem Eu Sou,Henrique & Juliano,"491,934",242.0,BR,-3,491934
95,Ye Tune Kya Kiya,Pritam,"485,325",641.0,IN,-2,485325
96,Actually Romantic,Taylor Swift,"483,754",39.0,US,0,483754
97,Tears,Sabrina Carpenter,"481,006",74.0,US,+3,481006
98,505,Arctic Monkeys,"480,112",1700.0,US,+9,480112
99,Die With A Smile,Lady Gaga,"480,007",452.0,US,+2,480007
100,Raat Bhar,Aditya Rikhari,"479,147",14.0,IN,+2,479147
101,Pink Pony Club,Chappell Roan,"478,353",524.0,US,-7,478353
102,The Christmas Song,Nat King Cole,"477,408",317.0,US,+4,477408
103,When Did You Get Hot,Sabrina Carpenter,"475,103",74.0,US,+2,475103
104,Worst Way,Riley Green,"472,055",307.0,US,+6,472055
105,I Remember Everything,Zach Bryan,"470,694",808.0,US,+7,470694
106,Its Beginning To Look A Lot Like Christmas,Michael Bublé,"469,455",463.0,US,+1,469455
107,Wood,Taylor Swift,"467,208",39.0,US,-3,467208
108,Takedown,Huntr/X,"467,007",140.0,US,-27,467007
109,Underneath The Tree,Kelly Clarkson,"466,148",296.0,US,-6,466148
110,Im The Problem,Morgan Wallen,"465,968",284.0,US,-1,465968
111,Gabriela,Katseye,"463,090",144.0,US,-11,463090
112,Thodi Si Daaru,Ap Dhillon,"462,795",104.0,IN,-1,462795
113,The Fate Of Ophelia,Taylor Swift,"459,744",39.0,BR,+28,459744
114,Dooron Dooron,Paresh Pahuja,"459,451",39.0,IN,+1,459451
115,The Fate Of Ophelia,Taylor Swift,"456,359",39.0,GB,0,456359
116,Daisies,Justin Bieber,"451,242",123.0,US,+7,451242
117,Past Wont Leave My Bed,Joji,"451,225",4.0,US,+2,451225
118,The Wreck Of The Edmund Fitzgerald,Gordon Lightfoot,"451,211",1.0,US,0,451211
119,Tere Liye,Atif Aslam,"450,616",201.0,IN,-2,450616
120,Let Down,Radiohead,"449,811",177.0,US,+11,449811
121,Escondendo O Ouro,Zé Neto & Cristiano,"445,355",172.0,BR,-2,445355
122,Lose Control,Teddy Swims,"445,312",734.0,US,-5,445312
123,Tu,Talwiinder,"442,758",10.0,IN,+7,442758
124,Sailor Song,Gigi Perez,"442,617",468.0,US,+3,442617
125,Folded,Kehlani,"441,555",103.0,US,+13,441555
126,Eu Te Seguro,Panda,"441,145",52.0,BR,0,441145
127,Tere Ishk Mein,A.R. Rahman,"438,442",21.0,IN,+10,438442
128,Luther,Kendrick Lamar,"437,989",354.0,US,-6,437989
129,Nice To Each Other,Olivia Dean,"436,255",73.0,US,+20,436255
130,Barbaad,The Rish,"433,632",116.0,IN,0,433632
131,Parampara,Sachet,"430,172",116.0,IN,+3,430172
132,House Again,Hudson Westbrook,"428,482",223.0,US,+12,428482
133,Something In The Orange,Zach Bryan,"427,767",1298.0,US,+17,427767
134,Beautiful Things,Benson Boone,"427,675",662.0,US,-7,427675
135,Cancelled,Taylor Swift,"427,143",39.0,US,-10,427143
136,Feel Good Inc,Gorillaz,"424,761",324.0,US,-2,424761
137,Sports Car,Tate Mcrae,"424,428",291.0,US,-4,424428
138,Ruin The Friendship,Taylor Swift,"424,312",39.0,US,-6,424312
139,Pixelated Kisses,Joji,"423,542",28.0,US,+7,423542
140,Sirra,Guru Randhawa,"423,472",117.0,IN,-4,423472
141,You Should Probably Leave,Chris Stapleton,"422,905",834.0,US,0,422905
142,Desliza,Léo Santana,"420,854",100.0,BR,+9,420854
143,Jhol,Maanu,"419,232",214.0,IN,-4,419232
144,Kaise Hua,Vishal Mishra,"417,375",2341.0,IN,-3,417375
145,Wildflower,Billie Eilish,"416,986",543.0,US,+18,416986
146,Dhundhala,Yashraj,"416,642",133.0,IN,+2,416642
147,Husn,Anuv Jain,"414,447",711.0,IN,-4,414447
148,Let It Snow Let It Snow Let It Snow,Dean Martin,"413,878",287.0,US,-6,413878
149,Seja Ex,Henrique & Juliano,"411,324",410.0,BR,-3,411324
150,Ningum Pode Saber,Countrybeat,"410,295",16.0,BR,-7,410295
151,Sugar On My Tongue,"Tyler, The Creator","406,563",113.0,US,-15,406563
152,Where Is My Husband,Raye,"406,538",53.0,GB,+1,406538
153,Bebe E Vem Me Procurar  Quem Ama Sente Saudade,Turma Do Pagode,"406,222",521.0,BR,-2,406222
154,The Chain,Fleetwood Mac,"405,129",154.0,US,+10,405129
155,The Less I Know The Better,Tame Impala,"404,382",1095.0,US,+11,404382
156,Jigar,Sachin,"403,141",1842.0,IN,-4,403141
157,Just In Case,Morgan Wallen,"403,057",235.0,US,+1,403057
158,From The Start,Laufey,"402,933",588.0,US,-12,402933
159,Sure Thing,Miguel,"401,441",875.0,US,-9,401441
160,Broken Window Serenade,Whiskey Myers,"401,205",104.0,US,+9,401205
161,Honey,Taylor Swift,"401,009",39.0,US,-7,401009
162,Mast Magan,Arijit Singh,"399,018",74.0,IN,+4,399018
163,Eldest Daughter,Taylor Swift,"398,188",39.0,US,-6,398188
164,Nobodys Son,Sabrina Carpenter,"396,955",74.0,US,0,396955
165,Dhun,Mithoon,"396,383",118.0,IN,+4,396383
166,Aquele Lugar,Grupo Menos É Mais,"394,865",264.0,BR,-7,394865
167,Afsos,Anuv Jain,"393,787",284.0,IN,-4,393787
168,Just Keep Watching,Tate Mcrae,"393,489",165.0,US,+8,393489
169,Amigo Da Minha Saudade,Henrique & Juliano,"392,156",314.0,BR,-2,392156
170,Fade Into You,Mazzy Star,"391,580",144.0,US,+35,391580
171,Vai Cair Gua,Diego & Arnaldo,"391,428",102.0,BR,-6,391428
172,I Had Some Help,Post Malone,"390,112",550.0,US,-7,390112
173,Dtmf,Bad Bunny,"390,010",310.0,US,-18,390010
174,Werent For The Wind,Ella Langley,"389,931",209.0,US,0,389931
175,Paaro,Aditya Rikhari,"389,867",240.0,IN,-1,389867
176,Good Luck Babe,Chappell Roan,"389,563",585.0,US,-9,389563
177,Vou Pela Madrugada,Mc Negão Original,"387,880",126.0,BR,+15,387880
178,La Perla,Rosalía,"387,834",4.0,US,+28,387834
179,Wondering Why,The Red Clay Strays,"385,260",600.0,US,+11,385260
180,Missed Call,Treaty Oak Revival,"384,441",201.0,US,+4,384441
181,Entregador De Flor,Diego & Victor Hugo,"381,141",429.0,BR,+5,381141
182,Jaane Na Tu,Bhoomi,"376,739",54.0,IN,+4,376739
183,Valentino,Mc Willian,"374,639",74.0,BR,+10,374639
184,Olho Marrom,Luan Santana,"371,518",46.0,BR,+2,371518
185,Azul,Guru Randhawa,"371,320",94.0,IN,-5,371320
186,12 Horas  Pra Voc Acreditar,Panda,"371,199",218.0,BR,-7,371199
187,Sua Boca Mente,Zé Felipe,"370,479",39.0,BR,-4,370479
188,Teri Deewani,Kailash Kher,"369,934",460.0,IN,0,369934
189,Man I Need,Olivia Dean,"363,019",88.0,AU,0,363019
190,069,Haftbefehl,"361,755",117.0,DE,0,361755
191,One Love,Shubh,"360,482",816.0,IN,0,360482
192,Pehli Dafa,Atif Aslam,"360,117",748.0,IN,+4,360117
193,Bandido Problemtico,Dj Gustomares,"357,254",4.0,BR,+13,357254
194,Raat Ke Shikari,Masoom Sharma,"356,582",156.0,IN,-6,356582
195,1999 Pt Iii,Haftbefehl,"356,374",15.0,DE,+1,356374
196,Jigar,Sachin,"355,628",103.0,IN,-1,355628
197,Saudade Burra,Lauana Prado,"353,768",302.0,BR,-9,353768
198,Sang Rahiyo,Jasleen Royal,"351,681",607.0,IN,+3,351681
199,Golden,Huntr/X,"350,664",141.0,GB,-1,350664
200,Back Outside,Sosa La M,"350,068",11.0,DE,+1,350068
201,Mann Mera,Gajendra Verma,"347,963",136.0,IN,+7,347963
202,Sahiba,Jasleen Royal,"347,923",354.0,IN,-2,347923
203,Zaalima,Arijit Singh,"346,695",870.0,IN,-1,346695
204,Caos De Algum,Felipe E Rodrigo,"344,876",115.0,BR,-5,344876
205,Dil Diyan Gallan,Atif Aslam,"343,007",2075.0,IN,+2,343007
206,Tudo Sobre Voc  Ser Mudado,Morada,"340,989",251.0,BR,+57,340989
207,Ranjheya Ve,Zain Zohaib,"339,668",260.0,IN,+5,339668
208,I Run,Haven.,"338,987",8.0,GB,+6,338987
209,Desocupa,Matheus Vargas,"338,078",33.0,BR,-3,338078
210,Gaadi 150,Vikram Sarkar,"337,129",134.0,IN,-7,337129
211,Montagem Camera Lenta,Dj Duarte,"335,086",8.0,BR,+48,335086
212,Dois Gumes,Felipe E Rodrigo,"330,705",4.0,BR,+5,330705
213,Joo 20  Pra Sempre,Vitor Santana,"330,570",226.0,BR,+67,330570
214,Jigar,Sachin,"329,318",12.0,IN,-3,329318
215,So Easy,Olivia Dean,"328,735",46.0,GB,-1,328735
216,Cpia Proibida,Léo Foguete,"328,184",379.0,BR,+2,328184
217,Wavy,Karan Aujla,"327,788",360.0,IN,+1,327788
218,Jo Tere Sang,Jeet Gannguli,"327,614",193.0,IN,+7,327614
219,Retrovisor,Gusttavo Lima,"326,882",89.0,BR,-15,326882
220,Jigar,Sachin,"326,438",516.0,IN,+11,326438
221,Faz Assim,Prod Gomes,"325,440",40.0,BR,+22,325440
222,Jeene Laga Hoon,Atif Aslam,"323,570",424.0,IN,+1,323570
223,Tum Hi Ho,Mithoon,"322,871",574.0,IN,+3,322871
224,Jigar,Sachin,"322,673",36.0,IN,-2,322673
225,Supreme,Shubh,"322,554",205.0,IN,-1,322554
226,Yaari,Masoom Sharma,"319,295",46.0,IN,-8,319295
227,Dentro Da Land Rover,Luan Pereira,"319,064",53.0,BR,-3,319064
228,Mf Gabhru,Karan Aujla,"318,589",102.0,IN,+4,318589
229,Resumindo,Zé Neto & Cristiano,"318,373",172.0,BR,-10,318373
230,Zara Sa,Pritam,"318,297",957.0,IN,0,318297
231,Tu Jaane Na,Atif Aslam,"318,134",1460.0,IN,+5,318134
232,Raabta,Pritam,"318,013",1092.0,IN,+3,318013
233,No  O Lugar  A Pessoa,Xand Avião,"313,727",25.0,BR,-6,313727
234,Tujhe Kitna Chahne Lage,Arijit Singh,"313,358",2355.0,IN,-6,313358
235,Sajde,Faheem Abdullah,"308,893",164.0,IN,+3,308893
236,Satranga,Arijit Singh,"307,492",745.0,IN,-3,307492
237,Vagabundo,Gusttavo Lima,"306,905",32.0,BR,-21,306905
238,Golden,Huntr/X,"306,602",141.0,DE,-2,306602
239,Subhanallah,Pritam,"305,768",952.0,IN,+7,305768
240,Vai No Cho Bandida,Dj Guuh,"303,030",127.0,BR,+18,303030
241,Jigar,Sachin,"301,526",452.0,IN,+3,301526
242,Saudade Proibida,Simone Mendes,"300,627",221.0,BR,-11,300627
243,Sundari,Sanju Rathod,"299,440",52.0,IN,-20,299440
244,Tu S  Guas Purificadoras,Fhop Music,"299,401",590.0,BR,+64,299401
245,Baarishein,Anuv Jain,"299,221",1643.0,IN,+3,299221
246,Winning Speech,Karan Aujla,"298,599",541.0,IN,+4,298599
247,Grau De Maluca,Guilherme & Benuto,"297,213",130.0,BR,-15,297213
248,1999 Pt 5,Haftbefehl,"297,121",22.0,DE,+2,297121
249,1999 Pt 6,Haftbefehl,"296,847",13.0,DE,0,296847
250,Ehsaan,Shankar,"294,399",432.0,IN,+7,294399
251,Tum Se Hi,Pritam,"293,097",2054.0,IN,-3,293097
252,The Fate Of Ophelia,Taylor Swift,"292,577",39.0,AU,0,292577
253,Chikiri Chikiri  Telugu,A.R. Rahman,"291,687",3.0,IN,+19,291687
254,Kabira,Pritam,"291,643",2245.0,IN,+13,291643
255,Ordinary,Alex Warren,"290,267",277.0,GB,-1,290267
256,Vai Tomando Pock Pock,Mc Lele Jp,"289,311",35.0,BR,+5,289311
257,Tumse Behtar,Tanishk Bagchi,"288,949",34.0,IN,+9,288949
258,Humsafar,Akhil Sachdeva,"288,762",650.0,IN,0,288762
259,Raindance,Dave,"288,616",18.0,GB,+1,288616
260,Dil Kaa Jo Haal Hai,Abhijeet,"288,261",89.0,IN,-2,288261
261,Cant Be Us,Prem Dhillon,"288,052",12.0,IN,-7,288052
262,Softly,Karan Aujla,"287,864",814.0,IN,-2,287864
263,Senta Poca,Mc Meno K,"287,445",14.0,BR,0,287445
264,Nice To Each Other,Olivia Dean,"287,003",164.0,GB,-1,287003
265,Russian Bandana,Dhanda Nyoliwala,"286,284",403.0,IN,-1,286284
266,Ich Vermisse Dich,Lune,"284,719",4.0,DE,-2,284719
267,Shree Hanuman Chalisa,Hariharan,"283,226",1187.0,IN,+77,283226
268,Thalapathy Kacheri,Anirudh Ravichander,"282,829",2.0,IN,+12,282829
269,Tempo Perdido,Legião Urbana,"282,253",769.0,BR,+14,282253
270,Tera Hone Laga Hoon,Atif Aslam,"281,934",1644.0,IN,+8,281934
271,Shayad,Pritam,"281,346",2093.0,IN,-3,281346
272,Pal Pal Dil Ke Paas,Kishore Kumar,"280,529",145.0,IN,-17,280529
273,Back To Friends,Sombr,"280,099",243.0,GB,-3,280099
274,Mentira Estampada,Wesley Safadão,"278,792",417.0,BR,-18,278792
275,Ishq Hai,Anurag Saikia,"278,788",331.0,IN,+2,278788
276,Black Ride,Dhanda Nyoliwala,"276,300",30.0,IN,+13,276300
277,Pirocada Quente,Mc Jvila,"276,294",267.0,BR,+22,276294
278,Jhoom Sharaabi,Yo Yo Honey Singh,"273,662",8.0,IN,+36,273662
279,Hawayein,Pritam,"273,112",1503.0,IN,0,273112
280,Mera Hua,Annkur R Pathakk,"272,218",21.0,IN,-4,272218
281,Romntico,Henrique & Juliano,"270,484",369.0,BR,-5,270484
282,De Trs Pra Frente,Henrique & Juliano,"269,251",1127.0,BR,+33,269251
283,The Fate Of Ophelia,Taylor Swift,"268,189",39.0,CA,0,268189
284,Pantera,Mc Jvila,"266,528",33.0,BR,+20,266528
285,Amor Bandido,J. Eskine,"266,149",53.0,BR,+3,266149
286,Mquina Do Tempo,Matuê,"259,700",757.0,BR,+38,259700
287,Ordinary,Alex Warren,"259,600",208.0,BR,+43,259600
288,A Morte Do Autotune,Matuê,"258,206",636.0,BR,+60,258206
289,12 To 12,Sombr,"255,352",109.0,GB,-1,255352
290,I Run,Haven.,"255,322",6.0,AU,+8,255322
291,Ltima Noite,Léo Foguete,"253,261",394.0,BR,-6,253261
292,At Quebrar A Cama 20,Cjnobeat,"253,224",30.0,BR,+20,253224
293,Quarto 67,Guilherme & Benuto,"252,815",53.0,BR,-10,252815
294,Me Ama Ou Me Larga,Simone Mendes,"251,348",284.0,BR,-19,251348
295,Quem  Esse,Julliany Souza,"250,381",221.0,BR,+72,250381
296,Segundo Amor Da Sua Vida,Marília Mendonça,"249,301",18.0,BR,-7,249301
297,Todo Mundo Menos Eu,Hugo & Guilherme,"248,271",67.0,BR,-19,248271
298,Eu At Gosto De Voc,Mc Jacaré,"247,885",163.0,BR,+5,247885
299,Yeshua,Songs Five Music,"246,853",177.0,BR,+106,246853
300,Santo Pra Sempre,Gabriel Guedes De Almeida,"245,663",132.0,BR,+90,245663
301,Artista Genrico,Veigh,"243,967",137.0,BR,+64,243967
302,Fui Mlk,Nilo,"242,293",352.0,BR,+6,242293
303,Golden,Huntr/X,"240,035",142.0,AU,-1,240035
304,Como  Que A Gente Fica,Henrique & Juliano,"239,483",1362.0,BR,+6,239483
305,Lenol De Seda,Luan Pereira,"239,428",4.0,BR,-27,239428
306,No Broke Boys,Disco Lines,"239,330",153.0,GB,+1,239330
307,Ordinary,Alex Warren,"237,158",277.0,DE,0,237158
308,No Broke Boys,Disco Lines,"236,479",156.0,AU,-1,236479
309,Senta Olhando Pra Mim,Dj Arana,"232,076",127.0,BR,+102,232076
310,Mtg Perna Bamba X Piranhas Do Helipa,Detagaz,"231,422",64.0,BR,+43,231422
311,Opalite,Taylor Swift,"231,239",39.0,GB,-1,231239
312,I Run,Haven.,"229,997",7.0,DE,+20,229997
313,Where Is My Husband,Raye,"229,666",53.0,DE,0,229666
314,In The End,Linkin Park,"228,846",461.0,BR,+86,228846
315,Boa Noite Povo,Theuzzin,"228,420",22.0,BR,+37,228420
316,Bilhete 20,Rashid,"228,065",284.0,BR,0,228065
317,Back To Friends,Sombr,"227,266",233.0,DE,-2,227266
318,Quarta Cadeira,Matheus & Kauan,"226,911",813.0,BR,-10,226911
319,A Grama Do Vizinho,Bruno Rosa,"225,715",112.0,BR,+5,225715
320,Dont Say You Love Me,Jin,"224,780",174.0,BR,+27,224780
321,Msicas De Amor Nunca Mais,Bk,"224,297",216.0,BR,+60,224297
322,Neon,Ana Castela,"222,183",4.0,BR,-33,222183
323,Pelo Bem Da Minha Saudade,Gusttavo Lima,"222,008",89.0,BR,-41,222008
324,Eu Tenho Voc,Incendiários,"221,866",94.0,BR,0,221866
325,Radw,Haftbefehl,"221,047",116.0,DE,-1,221047
326,Cantada Boba,Jorge & Mateus,"220,635",368.0,BR,-13,220635
327,Olha Onde Eu T,Ana Castela,"220,065",165.0,BR,-21,220065
328,Dois Enganados,Murilo Huff,"218,163",816.0,BR,+10,218163
329,Tarde Demais  Mgica  Oh Chuva,Grupo Menos É Mais,"218,023",106.0,BR,-44,218023
330,Hoje Eu Contei 100K No 7,Dj Japa Nk,"218,002",5.0,BR,+12,218002
331,Sobe Na Moto Roubadona,Dj Kelvinho Da Zs,"216,364",78.0,BR,+32,216364
332,Esquadrilha Da Fumaa,Mc Jacaré,"215,766",14.0,BR,-13,215766
333,Golden,Huntr/X,"210,929",141.0,CA,0,210929
334,So Easy,Olivia Dean,"209,927",46.0,AU,-1,209927
335,No Broke Boys,Disco Lines,"205,732",124.0,DE,-1,205732
336,Undressed,Sombr,"200,190",232.0,GB,+2,200190
337,Phantom,Esdeekid,"197,589",57.0,GB,+2,197589
338,Where Is My Husband,Raye,"190,383",53.0,AU,0,190383
339,Love Me Not,Ravyn Lenae,"189,148",267.0,GB,-1,189148
340,Chabos Wissen Wer Der Babo Ist,Haftbefehl,"188,803",13.0,DE,+2,188803
341,Pussy Palace,Lily Allen,"188,608",18.0,GB,+4,188608
342,12 To 12,Sombr,"188,025",109.0,AU,+1,188025
343,Die On This Hill,Sienna Spiro,"187,810",32.0,GB,+4,187810
344,Back To Friends,Sombr,"187,598",240.0,AU,-1,187598
345,Mann Im Spiegel,Haftbefehl,"185,500",13.0,DE,+2,185500
346,Baby Steps,Olivia Dean,"184,951",46.0,GB,0,184951
347,Opalite,Taylor Swift,"184,616",39.0,AU,-4,184616
348,In Meinem Garten,Reinhard Mey,"182,382",12.0,DE,-3,182382
349,Century,Esdeekid,"181,429",11.0,GB,+16,181429
350,Rein Me In,Sam Fender,"179,149",144.0,GB,+4,179149
351,Ordinary,Alex Warren,"178,933",277.0,AU,-1,178933
352,Berghain,Rosalía,"178,044",14.0,DE,-2,178044
353,Iris,The Goo Goo Dolls,"177,906",1447.0,GB,-4,177906
354,Man I Need,Olivia Dean,"170,793",83.0,CA,+4,170793
355,Nice To Each Other,Olivia Dean,"166,369",158.0,AU,0,166369
356,Now Or Never,Tkandz,"165,998",48.0,DE,+4,165998
357,Tears,Sabrina Carpenter,"164,030",75.0,GB,+10,164030
358,Bleib Stark,Aymo,"163,690",18.0,DE,+9,163690
359,Akon,Jazeek,"163,622",228.0,DE,+3,163622
360,Manchild,Sabrina Carpenter,"163,051",158.0,GB,+6,163051
361,Opalite,Taylor Swift,"162,801",39.0,CA,+2,162801
362,Man I Need,Olivia Dean,"161,063",77.0,DE,-2,161063
363,Mr Brightside,The Killers,"160,179",3978.0,GB,+3,160179
364,Dracula,Tame Impala,"157,838",44.0,GB,+22,157838
365,Let Alone The One You Love,Olivia Dean,"156,465",46.0,GB,+10,156465
366,Opalite,Taylor Swift,"156,192",39.0,DE,-1,156192
367,Clean Baby Sleep White Noise,Dream Supplier,"156,090",686.0,GB,-4,156090
368,Ordinary,Alex Warren,"155,570",277.0,CA,+3,155570
369,12 To 12,Sombr,"155,074",107.0,DE,+1,155074
370,When Did You Get Hot,Sabrina Carpenter,"155,034",74.0,GB,+6,155034
371,Sweater Weather,The Neighbourhood,"152,836",1725.0,DE,-4,152836
372,Soda Pop,Saja Boys,"151,975",137.0,GB,-16,151975
373,Madeline,Lily Allen,"151,575",18.0,GB,+11,151575
374,Creep,Radiohead,"151,275",619.0,GB,+6,151275
375,Zieh Zieh,Aymo,"148,866",4.0,DE,+5,148866
376,Pink Pony Club,Chappell Roan,"148,822",506.0,GB,-4,148822
377,Let Down,Radiohead,"147,530",188.0,GB,+6,147530
378,Conan X Xenia,Haftbefehl,"147,302",68.0,DE,+6,147302
379,Beautiful Things,Benson Boone,"146,069",662.0,GB,-9,146069
380,Fu  Uf,Skye Newman,"145,768",18.0,GB,+16,145768
381,All I Want For Christmas Is You,Mariah Carey,"145,709",568.0,CA,-3,145709
382,Dreams,Fleetwood Mac,"145,240",2000.0,GB,-3,145240
383,Feel Good Inc,Gorillaz,"144,210",647.0,GB,+1,144210
384,Undressed,Sombr,"144,119",234.0,AU,+1,144119
385,Ive Seen It,Olivia Dean,"143,213",46.0,GB,+10,143213
386,1999 Pt I,Haftbefehl,"142,580",27.0,DE,+6,142580
387,Tennis,Lily Allen,"141,883",18.0,GB,+10,141883
388,Talk Of The Town,Fred Again..,"140,586",7.0,GB,+69,140586
389,Elizabeth Taylor,Taylor Swift,"138,300",39.0,GB,-1,138300
390,Tit For Tat,Tate Mcrae,"138,110",46.0,GB,+12,138110
391,Wgft,Gunna,"138,064",91.0,GB,+7,138064
392,Tau Mich Auf,Zartmann,"137,588",284.0,DE,-1,137588
393,Verliebt In Mich,Fayan,"135,894",74.0,DE,+6,135894
394,No Broke Boys,Disco Lines,"134,571",155.0,CA,+4,134571
395,Iris,The Goo Goo Dolls,"134,495",1742.0,AU,+2,134495
396,Rede,Zah1De,"134,467",4.0,DE,-5,134467
397,Dive,Olivia Dean,"134,341",167.0,GB,-2,134341
398,The Chain,Fleetwood Mac,"132,011",1829.0,GB,+7,132011
399,All I Want For Christmas Is You,Mariah Carey,"131,922",588.0,GB,-27,131922
400,All I Want For Christmas Is You,Mariah Carey,"131,810",515.0,DE,-17,131810
401,Back To Friends,Sombr,"131,486",240.0,CA,+5,131486
402,Birds Of A Feather,Billie Eilish,"130,989",543.0,GB,-3,130989
403,Daisies,Justin Bieber,"130,590",123.0,AU,0,130590
404,Last Christmas,Wham!,"130,168",512.0,CA,-5,130168
405,What It Sounds Like,Huntr/X,"130,151",139.0,GB,-22,130151
406,Your Idol,Saja Boys,"129,334",140.0,GB,-27,129334
407,Another Love,Tom Odell,"128,906",1718.0,DE,-6,128906
408,Soda Pop,Saja Boys,"128,457",141.0,AU,-3,128457
409,To The Sky,Luciano,"128,439",11.0,DE,+7,128439
410,Last Christmas,Wham!,"128,310",586.0,GB,-20,128310
411,West End Girl,Lily Allen,"128,308",18.0,GB,+5,128308
412,Lose Control,Teddy Swims,"128,167",718.0,GB,-7,128167
413,Waterfalls,James Hype,"127,977",57.0,DE,+15,127977
414,Lady Lady,Olivia Dean,"126,745",93.0,GB,+2,126745
415,Daisies,Justin Bieber,"126,234",123.0,GB,+11,126234
416,Undressed,Sombr,"126,152",229.0,DE,-4,126152
417,Every Breath You Take,The Police,"125,980",406.0,GB,-2,125980
418,Tach Tach,Coup,"125,921",31.0,DE,+8,125921
419,Dog Days Are Over,Florence + The Machine,"125,121",1273.0,GB,+18,125121
420,Last Christmas,Wham!,"124,906",529.0,DE,-19,124906
421,House Tour,Sabrina Carpenter,"124,268",74.0,GB,+4,124268
422,Escapism,Raye,"124,104",663.0,GB,+2,124104
423,The Hardest Part,Olivia Dean,"123,998",87.0,GB,+9,123998
424,In The End,Linkin Park,"121,640",2656.0,DE,+4,121640
425,Naive,The Kooks,"121,159",3192.0,GB,+13,121159
426,Just Keep Watching,Tate Mcrae,"121,120",165.0,GB,+19,121120
427,How Its Done,Huntr/X,"120,998",140.0,GB,-31,120998
428,Folded,Kehlani,"120,812",74.0,GB,+15,120812
429,Love Me Not,Ravyn Lenae,"120,727",221.0,DE,-5,120727
430,Rockin Around The Christmas Tree,Brenda Lee,"120,401",467.0,CA,-5,120401
431,Mystical Magical,Benson Boone,"120,340",200.0,GB,-21,120340
432,Dreams,Fleetwood Mac,"120,219",2692.0,AU,0,120219
433,Father Figure,Taylor Swift,"119,385",39.0,GB,-3,119385
434,Tit For Tat,Tate Mcrae,"119,330",46.0,AU,+4,119330
435,Eternity,Alex Warren,"118,406",116.0,DE,-2,118406
436,Victory Lap,Fred Again..,"118,289",146.0,GB,+44,118289
437,Thats So True,Gracie Abrams,"118,211",389.0,GB,-4,118211
438,Sleepwalking,Lily Allen,"118,074",18.0,GB,+8,118074
439,The Emptiness Machine,Linkin Park,"118,066",431.0,DE,+13,118066
440,Love Me Not,Ravyn Lenae,"117,658",261.0,AU,0,117658
441,Mr Brightside,The Killers,"117,307",846.0,DE,-3,117307
442,Sailor Song,Gigi Perez,"116,239",468.0,GB,+3,116239
443,Sports Car,Tate Mcrae,"115,871",291.0,GB,+12,115871
444,Eternity,Alex Warren,"115,842",115.0,GB,-2,115842
445,So Easy,Olivia Dean,"115,666",44.0,CA,+6,115666
446,A Couple Minutes,Olivia Dean,"115,253",46.0,GB,+5,115253
447,Shababs Im Vip,Pashanim,"114,691",195.0,DE,+17,114691
448,Love All Night,Amo,"113,311",132.0,DE,+12,113311
449,Every Breath You Take,The Police,"113,302",366.0,DE,-4,113302
450,Good Luck Babe,Chappell Roan,"113,233",583.0,GB,-2,113233
451,4 Raws,Esdeekid,"113,217",27.0,GB,+27,113217
452,Just Keep Watching,Tate Mcrae,"113,170",165.0,AU,+6,113170
453,Sweater Weather,The Neighbourhood,"113,101",1762.0,GB,-5,113101
454,Rcken An Rcken,Aymo,"112,533",32.0,DE,+17,112533
455,Mr Brightside,The Killers,"111,769",3839.0,AU,-1,111769
456,Just Keep Watching,Tate Mcrae,"111,187",165.0,DE,+12,111187
457,Lass Die Affen Ausm Zoo,Haftbefehl,"110,880",39.0,DE,+28,110880
458,Piano Man,Billy Joel,"110,089",98.0,GB,-12,110089
459,Iris,The Goo Goo Dolls,"109,450",377.0,DE,-3,109450
460,Beautiful Things,Benson Boone,"109,109",662.0,AU,-1,109109
461,Sparks,Coldplay,"109,029",395.0,GB,+9,109029
462,The Life Of A Showgirl,Taylor Swift,"108,824",39.0,GB,-3,108824
463,Fucked Up Feat Makko,Nina Chuba,"108,469",88.0,DE,+2,108469
464,Ich Rolle Mit Meim Besten,Haftbefehl,"108,368",53.0,DE,+22,108368
465,Teenage Dirtbag,Wheatus,"107,650",574.0,GB,-12,107650
466,The Less I Know The Better,Tame Impala,"107,473",796.0,GB,+22,107473
467,Nobodys Son,Sabrina Carpenter,"107,131",74.0,GB,+17,107131
468,Elizabeth Taylor,Taylor Swift,"106,769",39.0,AU,+1,106769
469,Vielleicht Vielleicht,Milleniumkid,"106,537",195.0,DE,+26,106537
470,Rookie De Lanne,Sosa La M,"106,352",11.0,DE,+22,106352
471,Iris,The Goo Goo Dolls,"106,108",1176.0,CA,+11,106108
472,Promiscuous,Nelly Furtado,"105,924",944.0,GB,+6,105924
473,Breakin Dishes,Rihanna,"105,822",221.0,GB,+4,105822
474,Ghettogirl,Capo,"105,534",162.0,DE,+32,105534
475,Baby Steps,Olivia Dean,"105,380",45.0,AU,+4,105380
476,The Night We Met,Lord Huron,"105,305",886.0,DE,-5,105305
477,Take Me Out,Franz Ferdinand,"105,058",537.0,GB,+24,105058
478,Timeless,The Weeknd,"105,002",398.0,GB,+4,105002
479,Gabriela,Katseye,"104,823",126.0,GB,-20,104823
480,Dracula,Tame Impala,"104,809",43.0,AU,+10,104809
481,Messy,Lola Young,"104,804",359.0,GB,-2,104804
482,Stick Season,Noah Kahan,"104,015",771.0,GB,+8,104015
483,Lose Control,Teddy Swims,"103,883",738.0,AU,+4,103883
484,Gar Nichts,Nalya,"103,846",5.0,DE,+39,103846
485,Carry You Home,Alex Warren,"103,578",496.0,GB,+4,103578
486,Numb,Linkin Park,"103,366",1144.0,DE,+17,103366
487,Victory Lap,Fred Again..,"103,196",146.0,AU,+14,103196
488,Santa Tell Me,Ariana Grande,"102,929",507.0,CA,-1,102929
489,Where Is My Husband,Raye,"102,609",53.0,CA,+11,102609
490,Stargazing,Myles Smith,"102,579",549.0,GB,-9,102579
491,Jingle Bell Rock,Bobby Helms,"102,554",432.0,CA,-6,102554
492,Get Low,Jamal,"101,365",84.0,DE,+32,101365
493,Dont Dream Its Over,Crowded House,"101,260",432.0,AU,-5,101260
494,Elizabeth Taylor,Taylor Swift,"101,130",39.0,CA,+6,101130
495,Dakota,Stereophonics,"100,915",501.0,GB,+12,100915
496,Its Beginning To Look A Lot Like Christmas,Michael Bublé,"100,813",522.0,CA,-7,100813
497,Someone You Loved,Lewis Capaldi,"100,800",2322.0,GB,-13,100800
498,Your Idol,Saja Boys,"100,778",141.0,AU,-11,100778
499,Berghain,Rosalía,"100,647",9.0,GB,+62,100647
500,Ok Love You Bye,Olivia Dean,"100,442",93.0,GB,+6,100442
501,Erlknig,Lūcadelic,"100,331",4.0,DE,+106,100331
502,Wie,Ayliva,"100,130",263.0,DE,+1,100130
503,Chasing Cars,Snow Patrol,"99,855",1067.0,GB,-11,99855
504,Tears,Sabrina Carpenter,"99,614",75.0,AU,+3,99614
505,A Bar Song,Shaboozey,"99,463",578.0,AU,-4,99463
506,Ruminating,Lily Allen,"99,433",18.0,GB,+23,99433
507,Everywhere,Fleetwood Mac,"99,297",2264.0,GB,-7,99297
508,Maybe,Sienna Spiro,"99,020",15.0,GB,+26,99020
509,Yellow,Coldplay,"98,858",1873.0,GB,+14,98858
510,Birds Of A Feather,Billie Eilish,"98,496",544.0,AU,-1,98496
511,Beautiful Things,Benson Boone,"98,345",661.0,DE,-6,98345
512,Elizabeth Taylor,Taylor Swift,"98,243",39.0,DE,+9,98243
513,Walzer,Provinz,"98,045",265.0,DE,+19,98045
514,Brazil Funk Freestyle 2,Bobby Vandamme,"97,673",18.0,DE,+24,97673
515,Manchild,Sabrina Carpenter,"97,198",158.0,AU,+3,97198
516,Joana,Omar,"97,044",4.0,DE,+33,97044
517,Soda Pop,Saja Boys,"96,982",141.0,CA,-4,96982
518,Pink Pony Club,Chappell Roan,"96,726",499.0,AU,-2,96726
519,Lichterkinder,Lichterkinder,"96,483",14.0,DE,+36,96483
520,What It Sounds Like,Huntr/X,"96,081",141.0,AU,-10,96081
521,Wackelkontakt,Oimara,"95,881",299.0,DE,-24,95881
522,Ich Geh Mit Meiner Laterne,Lichterkinder,"95,567",30.0,DE,+9,95567
523,Wenn Das Liebe Ist,Nina Chuba,"95,531",165.0,DE,+12,95531
524,30 Mal Am Tag,Aymen,"95,013",110.0,DE,+21,95013
525,Father Figure,Taylor Swift,"94,983",39.0,AU,-2,94983
526,Beautiful Things,Benson Boone,"94,811",662.0,CA,+5,94811
527,What I Want,Morgan Wallen,"94,600",179.0,CA,+9,94600
528,Alors,Kurdo,"94,568",206.0,DE,+53,94568
529,Die With A Smile,Lady Gaga,"94,416",452.0,DE,-8,94416
530,Birds Of A Feather,Billie Eilish,"94,361",542.0,DE,-22,94361
531,Love Me Not,Ravyn Lenae,"94,338",260.0,CA,+10,94338
532,The Way I Are,Timbaland,"94,056",920.0,DE,-4,94056
533,The Chain,Fleetwood Mac,"93,976",505.0,AU,+3,93976
534,Unsicher,Nina Chuba,"93,509",221.0,DE,+9,93509
535,Paparazzi,Sosa La M,"93,388",25.0,DE,+36,93388
536,Erstersommerohnedich,Pashanim,"92,803",61.0,DE,+36,92803
537,Sweater Weather,The Neighbourhood,"92,508",1867.0,CA,+8,92508
538,Breakin Dishes,Rihanna,"92,124",211.0,DE,+11,92124
539,How Its Done,Huntr/X,"91,265",141.0,AU,-9,91265
540,Father Figure,Taylor Swift,"91,247",39.0,CA,+9,91247
541,Marlboro Mann,Kraftklub,"90,960",4.0,DE,+25,90960
542,Dracula,Tame Impala,"90,883",25.0,DE,+28,90883
543,Pechschwarz,Capo,"90,697",10.0,DE,+44,90697
544,Daisies,Justin Bieber,"90,235",123.0,CA,+11,90235
545,Softcore,The Neighbourhood,"90,160",439.0,DE,+10,90160
546,Manchild,Sabrina Carpenter,"89,989",158.0,CA,+15,89989
547,What It Sounds Like,Huntr/X,"89,851",141.0,DE,-16,89851
548,Timeless,The Weeknd,"89,514",386.0,DE,+15,89514
549,Wunder,Ayliva,"89,370",563.0,DE,0,89370
550,How Its Done,Huntr/X,"89,337",141.0,DE,-28,89337
551,Apt,Rosé,"88,956",389.0,DE,-25,88956
552,Dreams,Fleetwood Mac,"88,818",1832.0,CA,+8,88818
553,When Did You Get Hot,Sabrina Carpenter,"88,638",75.0,AU,+7,88638
554,Your Idol,Saja Boys,"87,980",141.0,CA,-7,87980
555,La Perla,Rosalía,"87,964",4.0,DE,+15,87964
556,Your Idol,Saja Boys,"87,709",141.0,DE,-24,87709
557,The Life Of A Showgirl,Taylor Swift,"87,591",39.0,AU,+2,87591
558,I Remember Everything,Zach Bryan,"87,460",809.0,AU,+2,87460
559,Mami,Ikkimel,"87,380",11.0,DE,+54,87380
560,I Got Better,Morgan Wallen,"87,309",179.0,CA,+11,87309
561,Enter Sandman,Metallica,"87,279",231.0,AU,+2,87279
562,Gabriela,Katseye,"87,242",144.0,AU,-6,87242
563,Die With A Smile,Lady Gaga,"86,974",452.0,AU,+4,86974
564,Sailor Song,Gigi Perez,"86,955",432.0,DE,+5,86955
565,Ghettobb,Dardan,"86,580",4.0,DE,+24,86580
566,Beende Mich,Vega,"86,431",4.0,DE,+24,86431
567,Wonderwall,Oasis,"86,188",2225.0,AU,-7,86188
568,Unendlichkeit,Milleniumkid,"86,022",336.0,DE,+24,86022
569,I Remember Everything,Zach Bryan,"85,908",809.0,CA,+13,85908
570,Phantom,Esdeekid,"85,611",27.0,DE,+25,85611
571,Billie Jean,Michael Jackson,"85,392",156.0,DE,+1,85392
572,Der Herbst Ist Da,Lichterkinder,"85,224",43.0,DE,-49,85224
573,Soda Pop,Saja Boys,"84,908",139.0,DE,-45,84908
574,Sugar On My Tongue,"Tyler, The Creator","84,733",113.0,AU,+4,84733
575,Mauern Aus Granit,Ness,"84,724",2.0,DE,+77,84724
576,Underneath The Tree,Kelly Clarkson,"84,677",338.0,CA,-14,84677
577,Dont Look Back In Anger,Oasis,"84,585",44.0,AU,-8,84585
578,Something In The Orange,Zach Bryan,"84,293",1248.0,AU,+5,84293
579,Gabriela,Katseye,"83,529",144.0,CA,+2,83529
580,Riptide,Vance Joy,"82,980",4029.0,AU,0,82980
581,A Bar Song,Shaboozey,"82,436",578.0,CA,+5,82436
582,Dive,Olivia Dean,"81,910",79.0,AU,+1,81910
583,Undressed,Sombr,"81,859",233.0,CA,+14,81859
584,Its The Most Wonderful Time Of The Year,Andy Williams,"81,671",452.0,CA,-19,81671
585,Sex On Fire,Kings Of Leon,"81,629",1761.0,AU,+13,81629
586,Just Keep Watching,Tate Mcrae,"81,165",165.0,CA,+15,81165
587,12 To 12,Sombr,"80,873",106.0,CA,+15,80873
588,Lose Control,Teddy Swims,"80,796",771.0,CA,+4,80796
589,Dracula,Tame Impala,"80,702",46.0,CA,+20,80702
590,Tit For Tat,Tate Mcrae,"80,696",46.0,CA,+14,80696
591,Sports Car,Tate Mcrae,"80,471",292.0,AU,+11,80471
592,Feel Good Inc,Gorillaz,"80,029",623.0,AU,+14,80029
593,What It Sounds Like,Huntr/X,"79,874",141.0,CA,-12,79874
594,Let Alone The One You Love,Olivia Dean,"79,838",46.0,AU,+2,79838
595,Mr Brightside,The Killers,"79,757",1951.0,CA,+2,79757
596,Sweater Weather,The Neighbourhood,"79,626",1829.0,AU,+4,79626
597,How Its Done,Huntr/X,"79,406",141.0,CA,-15,79406
598,Sailor Song,Gigi Perez,"79,206",468.0,AU,+2,79206
599,Thats So True,Gracie Abrams,"79,151",389.0,AU,-5,79151
600,Snowman,Sia,"78,849",260.0,CA,-22,78849
601,All The Stars,Kendrick Lamar,"78,642",1463.0,AU,-3,78642
602,Talk Of The Town,Fred Again..,"78,521",7.0,AU,+53,78521
603,A Couple Minutes,Olivia Dean,"78,213",40.0,AU,+1,78213
604,The Life Of A Showgirl,Taylor Swift,"78,111",39.0,CA,+1,78111
605,Pink Pony Club,Chappell Roan,"78,081",506.0,CA,-7,78081
606,Every Breath You Take,The Police,"78,045",633.0,AU,-7,78045
607,Tears,Sabrina Carpenter,"78,011",74.0,CA,+19,78011
608,Free,Rumi,"77,371",141.0,AU,-15,77371
609,Scar Tissue,Red Hot Chili Peppers,"77,333",402.0,AU,+2,77333
610,Something In The Orange,Zach Bryan,"77,245",1284.0,CA,+14,77245
611,Birds Of A Feather,Billie Eilish,"77,010",543.0,CA,-4,77010
612,Folded,Kehlani,"76,963",150.0,AU,+12,76963
613,Sparks,Coldplay,"76,895",364.0,CA,+14,76895
614,When Did You Get Hot,Sabrina Carpenter,"76,052",74.0,CA,+12,76052
615,Wih Lit,Taylor Swift,"75,303",39.0,AU,-8,75303
616,The Hardest Part,Olivia Dean,"75,027",79.0,AU,+3,75027
617,Takedown,Huntr/X,"74,951",140.0,AU,-22,74951
618,The Days,Chrystal,"74,933",336.0,AU,+9,74933
619,What I Want,Morgan Wallen,"74,407",179.0,AU,+6,74407
620,Timeless,The Weeknd,"74,181",410.0,CA,+6,74181
621,Wood,Taylor Swift,"74,019",39.0,AU,-8,74019
622,Holly Jolly Christmas,Michael Bublé,"73,891",443.0,CA,-33,73891
623,I Had Some Help,Post Malone,"73,585",551.0,AU,-11,73585
624,Wih Lit,Taylor Swift,"72,909",39.0,CA,+2,72909
625,I Had Some Help,Post Malone,"72,792",550.0,CA,+2,72792
626,Die With A Smile,Lady Gaga,"72,535",452.0,CA,-3,72535
627,Creep,Radiohead,"72,211",401.0,CA,+10,72211
628,Sweet Disposition,The Temper Trap,"72,145",579.0,AU,+2,72145
629,Mystical Magical,Benson Boone,"72,115",200.0,AU,-2,72115
630,Promiscuous,Nelly Furtado,"71,958",1384.0,AU,+6,71958
631,Let It Snow Let It Snow Let It Snow,Dean Martin,"71,834",307.0,CA,-39,71834
632,Teenage Dirtbag,Wheatus,"71,822",264.0,AU,-3,71822
633,Desire,Ian Asher,"71,518",61.0,AU,+38,71518
634,Eternity,Alex Warren,"71,425",116.0,AU,+2,71425
635,Actually Romantic,Taylor Swift,"71,265",39.0,AU,-10,71265
636,Good Luck Babe,Chappell Roan,"71,138",577.0,AU,-9,71138
637,The Christmas Song,Nat King Cole,"70,994",319.0,CA,-32,70994
638,Com N Go,Yeat,"70,358",36.0,CA,+18,70358
639,Cant Stop,Red Hot Chili Peppers,"69,962",474.0,AU,+22,69962
640,Messy,Lola Young,"69,832",358.0,AU,-15,69832
641,Sports Car,Tate Mcrae,"69,784",291.0,CA,+8,69784
642,Yellow,Coldplay,"69,630",1081.0,CA,+18,69630
643,Sailor Song,Gigi Perez,"69,602",464.0,CA,+9,69602
644,Yellow,Coldplay,"69,591",1733.0,AU,+21,69591
645,Actually Romantic,Taylor Swift,"69,412",39.0,CA,+1,69412
646,The Door,Teddy Swims,"69,398",489.0,AU,-5,69398
647,Travelin Soldier,Cody Johnson,"68,325",4.0,CA,+12,68325
648,Apt,Rosé,"68,227",389.0,AU,-11,68227
649,Free,Rumi,"68,093",141.0,CA,-17,68093
650,Creep,Radiohead,"68,060",233.0,AU,+6,68060
651,Mistletoe,Justin Bieber,"67,666",449.0,CA,-30,67666
652,Lady Lady,Olivia Dean,"67,587",50.0,AU,-5,67587
653,Revolving Door,Tate Mcrae,"67,485",253.0,AU,+22,67485
654,Wood,Taylor Swift,"67,196",39.0,CA,0,67196
655,Ive Seen It,Olivia Dean,"67,150",33.0,AU,0,67150
656,Bad Dreams,Teddy Swims,"67,149",407.0,AU,-7,67149
657,Everywhere,Fleetwood Mac,"67,100",1201.0,AU,0,67100
658,Raindance,Dave,"67,098",18.0,AU,+29,67098
659,How To Save A Life,The Fray,"67,050",337.0,AU,+18,67050
660,Riptide,Vance Joy,"66,902",2744.0,CA,-8,66902
661,The Chain,Fleetwood Mac,"66,748",285.0,CA,+3,66748
662,Phantom,Esdeekid,"66,536",25.0,AU,+24,66536
663,Diet Pepsi,Addison Rae,"66,425",425.0,AU,+10,66425
664,Cancelled,Taylor Swift,"65,603",39.0,AU,-12,65603
665,Counting Stars,Onerepublic,"65,377",2120.0,AU,-7,65377
666,No Pole,Don Toliver,"65,295",357.0,CA,+4,65295
667,Choosin Texas,Ella Langley,"65,238",25.0,CA,+10,65238
668,Luther,Kendrick Lamar,"65,141",354.0,AU,+4,65141
669,Cancelled,Taylor Swift,"65,122",39.0,CA,-2,65122
670,In The End,Linkin Park,"64,907",502.0,AU,+34,64907
671,The Night We Met,Lord Huron,"64,808",1231.0,AU,+19,64808
672,Walking On A Dream,Empire Of The Sun,"64,679",1146.0,AU,-5,64679
673,Takedown,Huntr/X,"64,253",140.0,CA,-27,64253
674,Im The Problem,Morgan Wallen,"63,213",284.0,CA,+10,63213
675,Worst Way,Riley Green,"63,101",316.0,CA,+11,63101
676,Every Breath You Take,The Police,"62,796",520.0,CA,-3,62796
677,Let Down,Radiohead,"62,706",161.0,CA,+26,62706
678,Folded,Kehlani,"62,573",106.0,CA,+21,62573
679,No One Noticed,The Marías,"62,536",369.0,CA,+23,62536
680,Stick Season,Noah Kahan,"62,445",953.0,CA,+7,62445
681,Ruin The Friendship,Taylor Swift,"62,024",39.0,CA,-1,62024
682,Mystical Magical,Benson Boone,"61,848",200.0,CA,-13,61848
683,Nice To Each Other,Olivia Dean,"61,836",74.0,CA,+15,61836
684,Pink Skies,Zach Bryan,"61,725",535.0,CA,+1,61725
685,The Color Violet,Tory Lanez,"61,272",1091.0,CA,+26,61272
686,Dont Stop Believin,Journey,"60,105",656.0,CA,+15,60105
687,Thats So True,Gracie Abrams,"60,063",389.0,CA,+1,60063
688,Feel Good Inc,Gorillaz,"60,048",236.0,CA,+7,60048
689,Eldest Daughter,Taylor Swift,"59,866",39.0,CA,0,59866
690,Espresso,Sabrina Carpenter,"59,622",578.0,CA,+7,59622
691,Sienna,The Marías,"59,544",72.0,CA,+32,59544
692,Too Sweet,Hozier,"58,751",598.0,CA,+1,58751
693,Werent For The Wind,Ella Langley,"58,396",221.0,CA,+16,58396
694,Sugar On My Tongue,"Tyler, The Creator","58,249",113.0,CA,-11,58249
695,Apt,Rosé,"57,944",389.0,CA,-20,57944
696,You Should Probably Leave,Chris Stapleton,"57,634",910.0,CA,+12,57634
697,Past Wont Leave My Bed,Joji,"57,248",4.0,CA,+17,57248
698,Just In Case,Morgan Wallen,"56,792",235.0,CA,+20,56792
699,505,Arctic Monkeys,"56,503",930.0,CA,+25,56503
700,Indigo,Sam Barber,"56,491",336.0,CA,+15,56491
